{
    "m_distance": 1.600000023841858,
    "m_nodeConnectionAmount": 8,
    "m_ySpaceLimit": 1.600000023841858,
    "walkableLayer": 24,
    "unwalkablelayer": 25
}