{"m_distance":1.600000023841858,"m_nodeConnectionAmount":10,"m_maxNodes":100000,"m_ySpaceLimit":1.600000023841858,"m_layerMask":0}