{"m_distance":1.600000023841858,"m_nodeConnectionAmount":40,"m_maxNodes":10000,"m_ySpaceLimit":1.600000023841858,"m_layerMask":0}