{"m_distance":1.600000023841858,"m_nodeConnectionAmount":16,"m_maxNodes":1000,"m_ySpaceLimit":1.600000023841858,"m_layerMask":0}