{"m_distance":2.5999999046325685,"m_nodeConnectionAmount":16,"m_maxNodes":10000,"m_ySpaceLimit":1.600000023841858,"m_layerMask":0}